"lat","long","address"
45.743317,4.815747,"3, Allée André Mure, Confluence, Lyon 2e Arrondissement, Lyon, Métropole de Lyon, Rhône, Auvergne-Rhône-Alpes, France métropolitaine, 69002, France"
45.75197,4.821662,"Rue de la Quarantaine, Quarantaine, Lyon 5e Arrondissement, Lyon, Métropole de Lyon, Rhône, Auvergne-Rhône-Alpes, France métropolitaine, 69005, France"
45.846034,4.832409,"Couzon - Centre, Quai Jean Lavergne, Couzon-au-Mont-d'Or, Lyon, Métropole de Lyon, Rhône, Auvergne-Rhône-Alpes, France métropolitaine, 69270, France"
45.768896,4.844845,"Cours Franklin Roosevelt, Les Brotteaux, Lyon 6e Arrondissement, Lyon, Métropole de Lyon, Rhône, Auvergne-Rhône-Alpes, France métropolitaine, 69006, France"
45.750945,4.83927,"Place du Départ, Chevreul, Lyon 7e Arrondissement, Lyon, Métropole de Lyon, Rhône, Auvergne-Rhône-Alpes, France métropolitaine, 69007, France"
45.776239,4.871634,"Salengro / Descartes, Avenue Roger Salengro, Charpennes, Villeurbanne, Lyon, Métropole de Lyon, Rhône, Auvergne-Rhône-Alpes, France métropolitaine, 69100, France"
45.756204,4.802727,"49, Avenue du Point du Jour, Point du Jour, Lyon 5e Arrondissement, Lyon, Métropole de Lyon, Rhône, Auvergne-Rhône-Alpes, France métropolitaine, 69005, France"
45.787522,4.814418,"Quai Paul Sédallian, L’Industrie, Vaise, Lyon 9e Arrondissement, Lyon, Métropole de Lyon, Rhône, Auvergne-Rhône-Alpes, France métropolitaine, 69009, France"
45.767467,4.874032,"École de Musique, Cours de la République, Charpennes, Villeurbanne, Lyon, Métropole de Lyon, Rhône, Auvergne-Rhône-Alpes, France métropolitaine, 69100, France"
45.78458,4.859664,"Pont de chemin de fer de Saint-Clair, Boulevard Périphérique Nord, Saint-Clair, Caluire-et-Cuire, Lyon, Métropole de Lyon, Rhône, Auvergne-Rhône-Alpes, France métropolitaine, 69300, France"
45.769226,4.880491,"Gratte-Ciel Branly, Cours Émile Zola, Gratte-Ciel, Villeurbanne, Lyon, Métropole de Lyon, Rhône, Auvergne-Rhône-Alpes, France métropolitaine, 69100, France"
45.70597,4.900886,"8ème Rue, Cité Berliet, Berliet et environs, Saint-Priest, Lyon, Métropole de Lyon, Rhône, Auvergne-Rhône-Alpes, France métropolitaine, 69800, France"
45.779702,4.860029,"Tennis Club de Lyon, Boulevard de la Bataille de Stalingrad, Tonkin, Villeurbanne, Lyon, Métropole de Lyon, Rhône, Auvergne-Rhône-Alpes, France métropolitaine, 69100, France"
45.778767,4.841109,"Cours d'Herbouville, Gros Caillou, Lyon 4e Arrondissement, Lyon, Métropole de Lyon, Rhône, Auvergne-Rhône-Alpes, France métropolitaine, 69004, France"
45.79169,4.843452,"Montessuy Calmette, Rue Pasteur, Montessuy, Caluire-et-Cuire, Lyon, Métropole de Lyon, Rhône, Auvergne-Rhône-Alpes, France métropolitaine, 69300, France"
45.719399,4.854681,"1, Avenue du Docteur Georges Lévy, Moulin à Vent, Vénissieux, Lyon, Métropole de Lyon, Rhône, Auvergne-Rhône-Alpes, France métropolitaine, 69200, France"
45.750251,4.857919,"Musée Africain, Cours Gambetta, La Buire, Lyon 3e Arrondissement, Lyon, Métropole de Lyon, Rhône, Auvergne-Rhône-Alpes, France métropolitaine, 69003, France"
45.784023,4.897102,"Rue de Verdun, Saint-Jean, Villeurbanne, Lyon, Métropole de Lyon, Rhône, Auvergne-Rhône-Alpes, France métropolitaine, 69100, France"
45.725891,4.858428,"Place Ennemond Romand, Moulin à Vent, Vénissieux, Lyon, Métropole de Lyon, Rhône, Auvergne-Rhône-Alpes, France métropolitaine, 69200, France"
45.749622,4.85299,"Place Stalingrad, La Guillotière, Lyon 7e Arrondissement, Lyon, Métropole de Lyon, Rhône, Auvergne-Rhône-Alpes, France métropolitaine, 69007, France"
45.774754,4.887977,"19, Rue Louis Fort, Buers, Villeurbanne, Lyon, Métropole de Lyon, Rhône, Auvergne-Rhône-Alpes, France métropolitaine, 69100, France"
45.745824,4.817176,"Quai Rambaud, Perrache, Lyon 2e Arrondissement, Lyon, Métropole de Lyon, Rhône, Auvergne-Rhône-Alpes, France métropolitaine, 69002, France"
45.775425,4.817888,"Chazière, Rue Chazière, Serin, Lyon 4e Arrondissement, Lyon, Métropole de Lyon, Rhône, Auvergne-Rhône-Alpes, France métropolitaine, 69004, France"
45.755768,4.891542,"Grandclément, Villeurbanne, Lyon, Métropole de Lyon, Rhône, Auvergne-Rhône-Alpes, France métropolitaine, 69100, France"
45.778175,4.810716,"Pont Masaryk, Passerelle Masaryk, Serin, Lyon 4e Arrondissement, Lyon, Métropole de Lyon, Rhône, Auvergne-Rhône-Alpes, France métropolitaine, 69004, France"
45.754296,4.86359,"Avenue Félix Faure, Sans Souci, Lyon 3e Arrondissement, Lyon, Métropole de Lyon, Rhône, Auvergne-Rhône-Alpes, France métropolitaine, 69003, France"
45.770309,4.86196,"Charles Hernu, Cours Vitton, Bellecombe, Lyon 6e Arrondissement, Lyon, Métropole de Lyon, Rhône, Auvergne-Rhône-Alpes, France métropolitaine, 69006, France"
45.757847,4.826103,"Place Crépu, Quai Fulchiron, Quarantaine, Lyon 5e Arrondissement, Lyon, Métropole de Lyon, Rhône, Auvergne-Rhône-Alpes, France métropolitaine, 69005, France"
45.75251,4.846278,"Jean Jaurès / Guillotière, Avenue Jean Jaurès, La Guillotière, Lyon 7e Arrondissement, Lyon, Métropole de Lyon, Rhône, Auvergne-Rhône-Alpes, France métropolitaine, 69007, France"
45.748504,4.840505,"Bancel / Chevreul, Rue Bancel, Chevreul, Lyon 7e Arrondissement, Lyon, Métropole de Lyon, Rhône, Auvergne-Rhône-Alpes, France métropolitaine, 69007, France"
45.7444746076792,4.82671963006449,"Quai Perrache, Sainte-Blandine, Lyon 2e Arrondissement, Lyon, Métropole de Lyon, Rhône, Auvergne-Rhône-Alpes, France métropolitaine, 69002, France"
45.732366,4.865101,"Vival, 78, Boulevard des États-Unis, Les États-Unis, Lyon 8e Arrondissement, Lyon, Métropole de Lyon, Rhône, Auvergne-Rhône-Alpes, France métropolitaine, 69008, France"
45.779786,4.827635,"Boulevard des Canuts, La Croix-Rousse, Lyon 4e Arrondissement, Lyon, Métropole de Lyon, Rhône, Auvergne-Rhône-Alpes, France métropolitaine, 69004, France"
45.725403,4.881292,"Stade Vuillermet, Avenue Paul Santy, La Plaine - Santy, Lyon 8e Arrondissement, Lyon, Métropole de Lyon, Rhône, Auvergne-Rhône-Alpes, France métropolitaine, 69008, France"
45.772229,4.819389,"Stade Roger Duplat, Rue Carquillat, Clos-Jouve, Lyon 1er Arrondissement, Lyon, Métropole de Lyon, Rhône, Auvergne-Rhône-Alpes, France métropolitaine, 69001, France"
45.751827,4.8526,"Rue Rachais, La Guillotière, Lyon 7e Arrondissement, Lyon, Métropole de Lyon, Rhône, Auvergne-Rhône-Alpes, France métropolitaine, 69007, France"
45.743163,4.834165,"Quartier Général Frère, Boulevard Yves Farge, Les Girondins, Gerland, Lyon 7e Arrondissement, Lyon, Métropole de Lyon, Rhône, Auvergne-Rhône-Alpes, France métropolitaine, 69007, France"
45.784812,4.856432,"33, Allée Achille Lignon, Cité Internationale, Lyon 6e Arrondissement, Lyon, Métropole de Lyon, Rhône, Auvergne-Rhône-Alpes, France métropolitaine, 69006, France"
45.759932,4.832111,"Bellecour, Lyon 2e Arrondissement, Lyon, Métropole de Lyon, Rhône, Auvergne-Rhône-Alpes, France métropolitaine, 69002, France"
45.749563,4.875934,"Feuillat / Lacassagne, Avenue Lacassagne, Grange Blanche, Lyon 3e Arrondissement, Lyon, Métropole de Lyon, Rhône, Auvergne-Rhône-Alpes, France métropolitaine, 69003, France"
45.744447,4.860889,"Santos Dumont / Louis Jouvet, Rue Santos Dumont, Monplaisir, Lyon 8e Arrondissement, Lyon, Métropole de Lyon, Rhône, Auvergne-Rhône-Alpes, France métropolitaine, 69008, France"
45.748346,4.875955,"Grange Blanche, Lyon 3e Arrondissement, Lyon, Métropole de Lyon, Rhône, Auvergne-Rhône-Alpes, France métropolitaine, 69003, France"
45.73586,4.856888,"Rue Audibert et Lavirotte, Audibert-Lavirotte, Lyon 8e Arrondissement, Lyon, Métropole de Lyon, Rhône, Auvergne-Rhône-Alpes, France métropolitaine, 69008, France"
45.780422,4.904505,"Villeurbanne Saint-Jean, Rue des Acacias, Saint-Jean, Villeurbanne, Lyon, Métropole de Lyon, Rhône, Auvergne-Rhône-Alpes, France métropolitaine, 69100, France"
45.750344,4.845048,"27, Rue de la Thibaudière, La Guillotière, Lyon 7e Arrondissement, Lyon, Métropole de Lyon, Rhône, Auvergne-Rhône-Alpes, France métropolitaine, 69007, France"
45.749565,4.887311,"Place du Château, Cours Eugénie, Montchat, Lyon 3e Arrondissement, Lyon, Métropole de Lyon, Rhône, Auvergne-Rhône-Alpes, France métropolitaine, 69003, France"
45.77591,4.825394,"Groupe scolaire Joseph Cornier, Rue Denfert-Rochereau, La Croix-Rousse, Lyon 4e Arrondissement, Lyon, Métropole de Lyon, Rhône, Auvergne-Rhône-Alpes, France métropolitaine, 69004, France"
45.774581,4.87406,"Colin / Perroncel, Rue Colin, Croix-Luizet, Villeurbanne, Lyon, Métropole de Lyon, Rhône, Auvergne-Rhône-Alpes, France métropolitaine, 69100, France"
45.768023,4.831733,"Place de la Paix, Terreaux, Lyon 1er Arrondissement, Lyon, Métropole de Lyon, Rhône, Auvergne-Rhône-Alpes, France métropolitaine, 69001, France"
45.757112,4.853405,"Paul Bert / Garibaldi, Rue Paul Bert, Part-Dieu, Lyon 3e Arrondissement, Lyon, Métropole de Lyon, Rhône, Auvergne-Rhône-Alpes, France métropolitaine, 69003, France"
45.747251,4.865386,"18, Rue Édouard Rochet, Monplaisir, Lyon 8e Arrondissement, Lyon, Métropole de Lyon, Rhône, Auvergne-Rhône-Alpes, France métropolitaine, 69008, France"
45.750497,4.788819,"Rue Pierre Valdo, Jeunet, Lyon 5e Arrondissement, Lyon, Métropole de Lyon, Rhône, Auvergne-Rhône-Alpes, France métropolitaine, 69005, France"
45.771902,4.955721,"29, Rue Émile Bertrand, Décines-Charpieu, Lyon, Métropole de Lyon, Rhône, Auvergne-Rhône-Alpes, France métropolitaine, 69150, France"
45.785456,4.854085,"Cité Internationale, Quai Charles de Gaulle, Cité Internationale, Lyon 6e Arrondissement, Lyon, Métropole de Lyon, Rhône, Auvergne-Rhône-Alpes, France métropolitaine, 69006, France"
45.774366,4.832716,"Aveyron, Boulevard de la Croix-Rousse, Gros Caillou, Lyon 4e Arrondissement, Lyon, Métropole de Lyon, Rhône, Auvergne-Rhône-Alpes, France métropolitaine, 69004, France"
45.769383,4.842364,"Place Maréchal Lyautey, Les Brotteaux, Lyon 6e Arrondissement, Lyon, Métropole de Lyon, Rhône, Auvergne-Rhône-Alpes, France métropolitaine, 69006, France"
45.773468,4.800286,"Bourbonnais, Rue du Bourbonnais, Vaise, Lyon 9e Arrondissement, Lyon, Métropole de Lyon, Rhône, Auvergne-Rhône-Alpes, France métropolitaine, 69009, France"
45.746163,4.82548,"Cours Suchet, Perrache, Lyon 2e Arrondissement, Lyon, Métropole de Lyon, Rhône, Auvergne-Rhône-Alpes, France métropolitaine, 69002, France"
45.763065,4.83425,"2, Place Francisque Régaud, Cordeliers, Lyon 2e Arrondissement, Lyon, Métropole de Lyon, Rhône, Auvergne-Rhône-Alpes, France métropolitaine, 69002, France"
45.760042,4.861734,"Place de la Vilette, La Villette, Lyon 3e Arrondissement, Lyon, Métropole de Lyon, Rhône, Auvergne-Rhône-Alpes, France métropolitaine, 69003, France"
45.767057,4.827014,"Place Gerson, Saint-Paul, Lyon 5e Arrondissement, Lyon, Métropole de Lyon, Rhône, Auvergne-Rhône-Alpes, France métropolitaine, 69005, France"
45.750116,4.82801,"Place Carnot, Ainay, Lyon 2e Arrondissement, Lyon, Métropole de Lyon, Rhône, Auvergne-Rhône-Alpes, France métropolitaine, 69002, France"
45.742932,4.90863,"Bron - Centre nautique, Rue de la Marne, Bron, Lyon, Métropole de Lyon, Rhône, Auvergne-Rhône-Alpes, France métropolitaine, 69500, France"
45.737503,4.837484,"Jean Jaurès, Rue Marie-Madeleine Fourcade, Les Girondins, Gerland, Lyon 7e Arrondissement, Lyon, Métropole de Lyon, Rhône, Auvergne-Rhône-Alpes, France métropolitaine, 69007, France"
45.737745,4.824495,"Parc des Berges, Avenue Leclerc, Les Girondins, Gerland, Lyon 7e Arrondissement, Lyon, Métropole de Lyon, Rhône, Auvergne-Rhône-Alpes, France métropolitaine, 69007, France"
45.762055,4.868486,"3011, Rue Baraban, La Villette, Lyon 3e Arrondissement, Lyon, Métropole de Lyon, Rhône, Auvergne-Rhône-Alpes, France métropolitaine, 69003, France"
45.774061,4.82516,"Tabareau, Rue Tabareau, La Croix-Rousse, Lyon 4e Arrondissement, Lyon, Métropole de Lyon, Rhône, Auvergne-Rhône-Alpes, France métropolitaine, 69004, France"
45.7548502313005,4.85748756866509,"Place Danton, La Buire, Lyon 3e Arrondissement, Lyon, Métropole de Lyon, Rhône, Auvergne-Rhône-Alpes, France métropolitaine, 69003, France"
45.763717,4.843791,"64, Rue Pierre Corneille, Les Brotteaux, Lyon 6e Arrondissement, Lyon, Métropole de Lyon, Rhône, Auvergne-Rhône-Alpes, France métropolitaine, 69006, France"
45.770136,4.80516,"6, Rue Gorge de Loup, Gorge de Loup, Lyon 9e Arrondissement, Lyon, Métropole de Lyon, Rhône, Auvergne-Rhône-Alpes, France métropolitaine, 69009, France"
45.760912,4.845291,"6, Rue Dunoir, Préfecture, Lyon 3e Arrondissement, Lyon, Métropole de Lyon, Rhône, Auvergne-Rhône-Alpes, France métropolitaine, 69003, France"
45.801192,4.825451,"Berlioz / Chalinel, Rue Hector Berlioz, Grand Champ, Saint-Rambert, Lyon 9e Arrondissement, Lyon, Métropole de Lyon, Rhône, Auvergne-Rhône-Alpes, France métropolitaine, 69009, France"
45.759743,4.889938,"Cours Tolstoï, Grandclément, Villeurbanne, Lyon, Métropole de Lyon, Rhône, Auvergne-Rhône-Alpes, France métropolitaine, 69100, France"
45.742639,4.850538,"41, Route de Vienne, Jean-Macé, Lyon 7e Arrondissement, Lyon, Métropole de Lyon, Rhône, Auvergne-Rhône-Alpes, France métropolitaine, 69007, France"
45.766372,4.865058,"Charmettes / Bellecombe, Rue de la Viabert, Bellecombe, Lyon 6e Arrondissement, Lyon, Métropole de Lyon, Rhône, Auvergne-Rhône-Alpes, France métropolitaine, 69006, France"
45.745828,4.870631,"Cours Albert Thomas, Sans Souci, Lyon 3e Arrondissement, Lyon, Métropole de Lyon, Rhône, Auvergne-Rhône-Alpes, France métropolitaine, 69003, France"
45.753528,4.857784,"92, Avenue Félix Faure, La Buire, Lyon 3e Arrondissement, Lyon, Métropole de Lyon, Rhône, Auvergne-Rhône-Alpes, France métropolitaine, 69003, France"
45.731361,4.860139,"73, Rue Paul Cazeneuve, La Petite-Guille, Lyon 8e Arrondissement, Lyon, Métropole de Lyon, Rhône, Auvergne-Rhône-Alpes, France métropolitaine, 69008, France"
45.770508,4.800869,"Masset / Saint-Pierre de Vaise, Avenue Joannès Masset, Gorge de Loup, Lyon 9e Arrondissement, Lyon, Métropole de Lyon, Rhône, Auvergne-Rhône-Alpes, France métropolitaine, 69009, France"
45.832495,4.848795,"Rue Victor Hugo, Fontaines-sur-Saône, Lyon, Métropole de Lyon, Rhône, Auvergne-Rhône-Alpes, France métropolitaine, 69270, France"
45.772277,4.865774,"Rue Gabriel Péri, Charpennes, Villeurbanne, Lyon, Métropole de Lyon, Rhône, Auvergne-Rhône-Alpes, France métropolitaine, 69100, France"
45.773358,4.821234,"Rue Anselme, La Croix-Rousse, Lyon 4e Arrondissement, Lyon, Métropole de Lyon, Rhône, Auvergne-Rhône-Alpes, France métropolitaine, 69004, France"
45.764062,4.865802,"90, Rue d'Inkermann, Bellecombe, Lyon 6e Arrondissement, Lyon, Métropole de Lyon, Rhône, Auvergne-Rhône-Alpes, France métropolitaine, 69006, France"
45.759494,4.830161,"Place Antonin Gourju, Rue du Colonel Chambonnet, Bellecour, Lyon 2e Arrondissement, Lyon, Métropole de Lyon, Rhône, Auvergne-Rhône-Alpes, France métropolitaine, 69002, France"
45.777521,4.844922,"6, Place Général Leclerc, Les Brotteaux, Lyon 6e Arrondissement, Lyon, Métropole de Lyon, Rhône, Auvergne-Rhône-Alpes, France métropolitaine, 69006, France"
45.764821,4.841567,"Préfecture / Sarrail, Quai Général Sarrail, Les Brotteaux, Lyon 6e Arrondissement, Lyon, Métropole de Lyon, Rhône, Auvergne-Rhône-Alpes, France métropolitaine, 69006, France"
45.74222,4.860219,"Hôtel de police de Lyon, Rue de l'Éternité, Audibert-Lavirotte, Lyon 8e Arrondissement, Lyon, Métropole de Lyon, Rhône, Auvergne-Rhône-Alpes, France métropolitaine, 69008, France"
45.749431,4.834816,"VL1, Chevreul, Lyon 7e Arrondissement, Lyon, Métropole de Lyon, Rhône, Auvergne-Rhône-Alpes, France métropolitaine, 69007, France"
45.752074,4.91466,"Place de la Paix, Les Brosses, Villeurbanne, Lyon, Métropole de Lyon, Rhône, Auvergne-Rhône-Alpes, France métropolitaine, 69100, France"
45.746681,4.844455,"Domer / Chevreul, Rue Domer, Jean-Macé, Lyon 7e Arrondissement, Lyon, Métropole de Lyon, Rhône, Auvergne-Rhône-Alpes, France métropolitaine, 69007, France"
45.741922,4.894068,"Centre hospitalier Le Vinatier, Avenue Franklin Roosevelt, Le Vinatier, Bron, Lyon, Métropole de Lyon, Rhône, Auvergne-Rhône-Alpes, France métropolitaine, 69500, France"
45.727881,4.86355,"Beauvisage / Préssensé, Rue du Professeur Beauvisage, Beauvisage, Lyon 8e Arrondissement, Lyon, Métropole de Lyon, Rhône, Auvergne-Rhône-Alpes, France métropolitaine, 69008, France"
45.740492,4.888084,"Bioparc, Avenue Rockefeller, Grange Blanche, Lyon 3e Arrondissement, Lyon, Métropole de Lyon, Rhône, Auvergne-Rhône-Alpes, France métropolitaine, 69003, France"
45.7620452080746,4.82872732991442,"Place Paul Duquaire, Saint-Jean, Lyon 5e Arrondissement, Lyon, Métropole de Lyon, Rhône, Auvergne-Rhône-Alpes, France métropolitaine, 69005, France"
45.765214,4.909808,"Bonnevay, Villeurbanne, Lyon, Métropole de Lyon, Rhône, Auvergne-Rhône-Alpes, France métropolitaine, 69100, France"
45.776217,4.862636,"Tonkin, Avenue Salvador Allende, Tonkin, Villeurbanne, Lyon, Métropole de Lyon, Rhône, Auvergne-Rhône-Alpes, France métropolitaine, 69100, France"
45.768223,4.827533,"46, Quai Saint-Vincent, Terreaux, Lyon 1er Arrondissement, Lyon, Métropole de Lyon, Rhône, Auvergne-Rhône-Alpes, France métropolitaine, 69001, France"
45.791621,4.808426,"Saint-Didier - Pasteur / Saint-Cyr, Rue de Saint-Cyr, La Dargoire, Saint-Rambert, Lyon 9e Arrondissement, Saint-Didier-au-Mont-d'Or, Lyon, Métropole de Lyon, Rhône, Auvergne-Rhône-Alpes, France métropolitaine, 69370, France"
45.771034,4.79644,"Piscine de Vaise, Avenue Sidoine Apollinaire, Gorge de Loup, Lyon 9e Arrondissement, Lyon, Métropole de Lyon, Rhône, Auvergne-Rhône-Alpes, France métropolitaine, 69009, France"
45.764345,4.853492,"Récamier / Tête d'Or, Rue Juliette Récamier, Les Brotteaux, Lyon 6e Arrondissement, Lyon, Métropole de Lyon, Rhône, Auvergne-Rhône-Alpes, France métropolitaine, 69006, France"
45.761825,4.886156,"46, Cours Docteur Jean Damidot, Grandclément, Villeurbanne, Lyon, Métropole de Lyon, Rhône, Auvergne-Rhône-Alpes, France métropolitaine, 69100, France"
45.758974,4.853599,"Place du Lac, Rue du Docteur Bouchut, Part-Dieu, Lyon 3e Arrondissement, Lyon, Métropole de Lyon, Rhône, Auvergne-Rhône-Alpes, France métropolitaine, 69003, France"
45.766284,4.856848,"44, Boulevard des Brotteaux, Les Brotteaux, Lyon 6e Arrondissement, Lyon, Métropole de Lyon, Rhône, Auvergne-Rhône-Alpes, France métropolitaine, 69006, France"
45.753452,4.804401,"2, Rue du Docteur Albéric Pont, Point du Jour, Lyon 5e Arrondissement, Lyon, Métropole de Lyon, Rhône, Auvergne-Rhône-Alpes, France métropolitaine, 69005, France"
45.743569,4.870083,"Lumière / Trouilhet, Rue Antoine Lumière, Monplaisir, Lyon 8e Arrondissement, Lyon, Métropole de Lyon, Rhône, Auvergne-Rhône-Alpes, France métropolitaine, 69008, France"
45.797415,4.829038,"L'île Barbe, Quai Paul Sédallian, La Sauvagère, Saint-Rambert, Lyon 9e Arrondissement, Lyon, Métropole de Lyon, Rhône, Auvergne-Rhône-Alpes, France métropolitaine, 69009, France"
45.790414,4.816359,"Mangini, Rue Félix Mangini, L’Industrie, Vaise, Lyon 9e Arrondissement, Lyon, Métropole de Lyon, Rhône, Auvergne-Rhône-Alpes, France métropolitaine, 69009, France"
45.781699,4.820596,"94, Rue Philippe de Lassalle, La Croix-Rousse, Lyon 4e Arrondissement, Lyon, Métropole de Lyon, Rhône, Auvergne-Rhône-Alpes, France métropolitaine, 69004, France"
45.77939,4.863068,"Rossellini / 11 Novembre, Boulevard du 11 Novembre 1918, Tonkin, Villeurbanne, Lyon, Métropole de Lyon, Rhône, Auvergne-Rhône-Alpes, France métropolitaine, 69100, France"
45.766708,4.852073,"99, Rue Bugeaud, Les Brotteaux, Lyon 6e Arrondissement, Lyon, Métropole de Lyon, Rhône, Auvergne-Rhône-Alpes, France métropolitaine, 69006, France"
45.75958,4.882739,"Mémoire et Société, Rue Valentin Hauy, Grandclément, Villeurbanne, Lyon, Métropole de Lyon, Rhône, Auvergne-Rhône-Alpes, France métropolitaine, 69100, France"
45.770664,4.849946,"Rue Crillon, Les Brotteaux, Lyon 6e Arrondissement, Lyon, Métropole de Lyon, Rhône, Auvergne-Rhône-Alpes, France métropolitaine, 69006, France"
45.75597,4.818904,"Jardin Jean Choux, Place Abbé Larue, Quarantaine, Lyon 5e Arrondissement, Lyon, Métropole de Lyon, Rhône, Auvergne-Rhône-Alpes, France métropolitaine, 69005, France"
45.738671,4.878117,"Longefer / Krüger, Rue Président Krüger, Transvaal, Lyon 8e Arrondissement, Lyon, Métropole de Lyon, Rhône, Auvergne-Rhône-Alpes, France métropolitaine, 69008, France"
45.747956,4.824898,"18, Rue Dugas-Montbel, Perrache, Lyon 2e Arrondissement, Lyon, Métropole de Lyon, Rhône, Auvergne-Rhône-Alpes, France métropolitaine, 69002, France"
45.73403,4.908777,"5, Rue de Verdun, La Boutasse, Bron, Lyon, Métropole de Lyon, Rhône, Auvergne-Rhône-Alpes, France métropolitaine, 69500, France"
45.759379,4.835414,"République / Paufique, Rue du Professeur Louis Paufique, Bellecour, Lyon 2e Arrondissement, Lyon, Métropole de Lyon, Rhône, Auvergne-Rhône-Alpes, France métropolitaine, 69002, France"
45.749588,4.800967,"Place Saint-Luc, Sainte-Foy-lès-Lyon, Lyon, Métropole de Lyon, Rhône, Auvergne-Rhône-Alpes, France métropolitaine, 69110, France"
45.775679,4.805314,"Place Valmy, Rue Roquette, Vaise, Lyon 9e Arrondissement, Lyon, Métropole de Lyon, Rhône, Auvergne-Rhône-Alpes, France métropolitaine, 69009, France"
45.753077,4.829706,"16, Rue des Remparts d'Ainay, Ainay, Lyon 2e Arrondissement, Lyon, Métropole de Lyon, Rhône, Auvergne-Rhône-Alpes, France métropolitaine, 69002, France"
45.740865,4.868244,"Martinière / Monplaisir, Rue Antoine Lumière, Monplaisir, Lyon 8e Arrondissement, Lyon, Métropole de Lyon, Rhône, Auvergne-Rhône-Alpes, France métropolitaine, 69008, France"
45.751073,4.848018,"La Partagère, Grande Rue de la Guillotière, La Guillotière, Lyon 7e Arrondissement, Lyon, Métropole de Lyon, Rhône, Auvergne-Rhône-Alpes, France métropolitaine, 69007, France"
45.753455,4.833367,"Gailleton, Place Gailleton, Ainay, Lyon 2e Arrondissement, Lyon, Métropole de Lyon, Rhône, Auvergne-Rhône-Alpes, France métropolitaine, 69002, France"
45.727494,4.831145,"Square Professeur Galtier, Gerland, Lyon 7e Arrondissement, Lyon, Métropole de Lyon, Rhône, Auvergne-Rhône-Alpes, France métropolitaine, 69007, France"
45.730788,4.887513,"Mermoz / Pinel, Avenue Jean Mermoz, Mermoz, Lyon 8e Arrondissement, Lyon, Métropole de Lyon, Rhône, Auvergne-Rhône-Alpes, France métropolitaine, 69008, France"
45.735653,4.853042,"Place Lebret, Place Louis Lebret, Le Grand Trou, Lyon 8e Arrondissement, Lyon, Métropole de Lyon, Rhône, Auvergne-Rhône-Alpes, France métropolitaine, 69008, France"
45.767912,4.819872,"Subsistances, Quai Saint-Vincent, Clos-Jouve, Lyon 1er Arrondissement, Lyon, Métropole de Lyon, Rhône, Auvergne-Rhône-Alpes, France métropolitaine, 69001, France"
45.774193,4.827743,"Mairie du 4ème, Boulevard de la Croix-Rousse, La Croix-Rousse, Lyon 4e Arrondissement, Lyon, Métropole de Lyon, Rhône, Auvergne-Rhône-Alpes, France métropolitaine, 69004, France"
45.720156,4.798426,"56, Boulevard de l'Yzeron, La Cadière, Oullins, Lyon, Métropole de Lyon, Rhône, Auvergne-Rhône-Alpes, France métropolitaine, 69600, France"
45.760689,4.863069,"27, Rue Maurice Flandin, La Villette, Lyon 3e Arrondissement, Lyon, Métropole de Lyon, Rhône, Auvergne-Rhône-Alpes, France métropolitaine, 69003, France"
45.779332,4.820259,"Place Camille Flammarion, Serin, Lyon 4e Arrondissement, Lyon, Métropole de Lyon, Rhône, Auvergne-Rhône-Alpes, France métropolitaine, 69004, France"
45.815973,4.887019,"Complexe Sportif du Loup Pendu, Avenue du Loup Pendu, Mercières Victor Hugo Loup Pendu, Crépieux-la-Pape, Rillieux-la-Pape, Lyon, Métropole de Lyon, Rhône, Auvergne-Rhône-Alpes, France métropolitaine, 69140, France"
45.75991,4.857555,"Rue du Docteur Bouchut, Part-Dieu, Lyon 3e Arrondissement, Lyon, Métropole de Lyon, Rhône, Auvergne-Rhône-Alpes, France métropolitaine, 69003, France"
45.771561,4.890378,"Montgolfier / Château Gaillard, Rue Château-Gaillard, Buers, Villeurbanne, Lyon, Métropole de Lyon, Rhône, Auvergne-Rhône-Alpes, France métropolitaine, 69100, France"
45.755988,4.877409,"Maisons Neuves, Place des Maisons Neuves, Maisons-Neuves, Villeurbanne, Lyon, Métropole de Lyon, Rhône, Auvergne-Rhône-Alpes, France métropolitaine, 69100, France"
45.770006,4.829274,"Vélo'v, Montée des Carmélites, Pentes de la Croix-Rousse, Lyon 1er Arrondissement, Lyon, Métropole de Lyon, Rhône, Auvergne-Rhône-Alpes, France métropolitaine, 69001, France"
45.753683,4.889285,"2, Place Antoinette, Montchat, Lyon 3e Arrondissement, Lyon, Métropole de Lyon, Rhône, Auvergne-Rhône-Alpes, France métropolitaine, 69003, France"
45.778385,4.879673,"Salengro / Vaillant, Avenue Roger Salengro, Croix-Luizet, Villeurbanne, Lyon, Métropole de Lyon, Rhône, Auvergne-Rhône-Alpes, France métropolitaine, 69100, France"
45.761595,4.850477,"Les Halles, Rue André Philip, Voltaire, Lyon 3e Arrondissement, Lyon, Métropole de Lyon, Rhône, Auvergne-Rhône-Alpes, France métropolitaine, 69003, France"
45.770743,4.856713,"115, Rue Tronchet, Les Brotteaux, Lyon 6e Arrondissement, Lyon, Métropole de Lyon, Rhône, Auvergne-Rhône-Alpes, France métropolitaine, 69006, France"
45.729771,4.868157,"Place du 8 mai 1945, Rue du Professeur Beauvisage, Beauvisage, Lyon 8e Arrondissement, Lyon, Métropole de Lyon, Rhône, Auvergne-Rhône-Alpes, France métropolitaine, 69008, France"
45.763244,4.778641,"Tassin - Tuileries, Promenade des Tuileries, Tassin-la-Demi-Lune, Lyon, Métropole de Lyon, Rhône, Auvergne-Rhône-Alpes, France métropolitaine, 69160, France"
45.789194,4.799308,"Boulevard de Balmont, Balmont, La Duchère, Lyon 9e Arrondissement, Lyon, Métropole de Lyon, Rhône, Auvergne-Rhône-Alpes, France métropolitaine, 69009, France"
45.76438,4.919276,"Vaulx - Poudrette / La Soie, Rue de la Poudrette, Bonnevay, Villeurbanne, Lyon, Métropole de Lyon, Rhône, Auvergne-Rhône-Alpes, France métropolitaine, 69100, France"
45.763755,4.847082,"153, Rue de Créqui, Les Brotteaux, Lyon 6e Arrondissement, Lyon, Métropole de Lyon, Rhône, Auvergne-Rhône-Alpes, France métropolitaine, 69006, France"
45.767957,4.887232,"Rue de France, Gratte-Ciel, Villeurbanne, Lyon, Métropole de Lyon, Rhône, Auvergne-Rhône-Alpes, France métropolitaine, 69100, France"
45.776646,4.902366,"19, Rue Saint-Jean, Saint-Jean, Villeurbanne, Lyon, Métropole de Lyon, Rhône, Auvergne-Rhône-Alpes, France métropolitaine, 69100, France"
45.77608,4.832543,"Place de la Croix-Rousse, Gros Caillou, Lyon 4e Arrondissement, Lyon, Métropole de Lyon, Rhône, Auvergne-Rhône-Alpes, France métropolitaine, 69004, France"
45.771143,4.88504,"Lherminier / Pressensé, Avenue du Commandant l'Herminier, Gratte-Ciel, Villeurbanne, Lyon, Métropole de Lyon, Rhône, Auvergne-Rhône-Alpes, France métropolitaine, 69100, France"
45.7481858411998,4.86445471733799,"15, Rue Rossan, Sans Souci, Lyon 3e Arrondissement, Lyon, Métropole de Lyon, Rhône, Auvergne-Rhône-Alpes, France métropolitaine, 69003, France"
45.729791,4.838138,"Challemel Lacour / Gerland, Rue de Gerland, Le Bon Lait, Gerland, Lyon 7e Arrondissement, Lyon, Métropole de Lyon, Rhône, Auvergne-Rhône-Alpes, France métropolitaine, 69007, France"
45.759648,4.848139,"Bourse du Travail, Place Eugène Varlin, Voltaire, Lyon 3e Arrondissement, Lyon, Métropole de Lyon, Rhône, Auvergne-Rhône-Alpes, France métropolitaine, 69003, France"
45.759361,4.842308,"Liberté / Part-Dieu, Rue de la Part-Dieu, Préfecture, Lyon 3e Arrondissement, Lyon, Métropole de Lyon, Rhône, Auvergne-Rhône-Alpes, France métropolitaine, 69003, France"
45.753049,4.828297,"Place Ampère, Rue Bourgelat, Ainay, Lyon 2e Arrondissement, Lyon, Métropole de Lyon, Rhône, Auvergne-Rhône-Alpes, France métropolitaine, 69002, France"
45.73674,4.834106,"Beauvoir / Marot, Rue Simone de Beauvoir, Le Bon Lait, Gerland, Lyon 7e Arrondissement, Lyon, Métropole de Lyon, Rhône, Auvergne-Rhône-Alpes, France métropolitaine, 69007, France"
45.697863,4.794658,"49, Avenue Georges Clemenceau, Saint-Genis-Laval, Lyon, Métropole de Lyon, Rhône, Auvergne-Rhône-Alpes, France métropolitaine, 69230, France"
45.772846,4.856274,"Avenue Verguin, Les Brotteaux, Lyon 6e Arrondissement, Lyon, Métropole de Lyon, Rhône, Auvergne-Rhône-Alpes, France métropolitaine, 69006, France"
45.7228,4.842706,"Techsud, Rue Professeur Jean Bernard, Gerland, Lyon 7e Arrondissement, Lyon, Métropole de Lyon, Rhône, Auvergne-Rhône-Alpes, France métropolitaine, 69007, France"
45.733317,4.878607,"Boulevard Edmond Michelet, Mermoz, Lyon 8e Arrondissement, Lyon, Métropole de Lyon, Rhône, Auvergne-Rhône-Alpes, France métropolitaine, 69008, France"
45.727691,4.837392,"Baldassini / Gerland, Rue Jean Baldassini, Gerland, Lyon 7e Arrondissement, Lyon, Métropole de Lyon, Rhône, Auvergne-Rhône-Alpes, France métropolitaine, 69007, France"
45.775112,4.778531,"Place de la Libération, Écully, Lyon, Métropole de Lyon, Rhône, Auvergne-Rhône-Alpes, France métropolitaine, 69130, France"
45.735741,4.827725,"130, Boulevard Yves Farge, Le Bon Lait, Gerland, Lyon 7e Arrondissement, Lyon, Métropole de Lyon, Rhône, Auvergne-Rhône-Alpes, France métropolitaine, 69007, France"
45.746691,4.867501,"Albert Thomas / Villon, Cours Albert Thomas, Sans Souci, Lyon 8e Arrondissement, Lyon, Métropole de Lyon, Rhône, Auvergne-Rhône-Alpes, France métropolitaine, 69008, France"
45.774228,4.864269,"Jacques Brel, Place Jean Chorel, Tonkin, Villeurbanne, Lyon, Métropole de Lyon, Rhône, Auvergne-Rhône-Alpes, France métropolitaine, 69100, France"
45.703245,4.821204,"Pierre Bénite - Europe, Rue Voltaire, Pierre-Bénite, Lyon, Métropole de Lyon, Rhône, Auvergne-Rhône-Alpes, France métropolitaine, 69310, France"
45.774526,4.848443,"Boulevard des Belges, Les Brotteaux, Lyon 6e Arrondissement, Lyon, Métropole de Lyon, Rhône, Auvergne-Rhône-Alpes, France métropolitaine, 69006, France"
45.760908,4.920569,"49, Rue de la Poudrette, Les Brosses, Villeurbanne, Lyon, Métropole de Lyon, Rhône, Auvergne-Rhône-Alpes, France métropolitaine, 69100, France"
45.776428,4.866976,"Condorcet / Galline, Avenue Galline, Tonkin, Villeurbanne, Lyon, Métropole de Lyon, Rhône, Auvergne-Rhône-Alpes, France métropolitaine, 69100, France"
45.773232,4.841949,"Place d'Helvétie, Les Brotteaux, Lyon 6e Arrondissement, Lyon, Métropole de Lyon, Rhône, Auvergne-Rhône-Alpes, France métropolitaine, 69006, France"
45.757808,4.861512,"Villette / Paul Bert, Rue de la Villette, La Villette, Lyon 3e Arrondissement, Lyon, Métropole de Lyon, Rhône, Auvergne-Rhône-Alpes, France métropolitaine, 69003, France"
45.760056,4.798366,"27, Impasse du Point du Jour, Point du Jour, Lyon 5e Arrondissement, Lyon, Métropole de Lyon, Rhône, Auvergne-Rhône-Alpes, France métropolitaine, 69005, France"
45.750002,4.864587,"10, Rue du Dauphiné, Sans Souci, Lyon 3e Arrondissement, Lyon, Métropole de Lyon, Rhône, Auvergne-Rhône-Alpes, France métropolitaine, 69003, France"
45.770225,4.863102,"Charmettes, Villeurbanne, Lyon, Métropole de Lyon, Rhône, Auvergne-Rhône-Alpes, France métropolitaine, 69100, France"
45.769803,4.812681,"Conservatoire, Quai Arloing, Pierre-Scize, Vaise, Lyon 9e Arrondissement, Lyon, Métropole de Lyon, Rhône, Auvergne-Rhône-Alpes, France métropolitaine, 69009, France"
45.727309,4.814779,"Rue Stéphane Déchant, La Mulatière, Lyon, Métropole de Lyon, Rhône, Auvergne-Rhône-Alpes, France métropolitaine, 69350, France"
45.782855,4.807288,"51t, Rue de Saint-Cyr, L’Industrie, Vaise, Lyon 9e Arrondissement, Lyon, Métropole de Lyon, Rhône, Auvergne-Rhône-Alpes, France métropolitaine, 69009, France"
45.771794,4.84459,"Place Puvis de Chavannes, Les Brotteaux, Lyon 6e Arrondissement, Lyon, Métropole de Lyon, Rhône, Auvergne-Rhône-Alpes, France métropolitaine, 69006, France"
45.73648,4.869789,"Jean XXIII / Mermoz, Boulevard Jean XXIII, Le Bachut, Lyon 8e Arrondissement, Lyon, Métropole de Lyon, Rhône, Auvergne-Rhône-Alpes, France métropolitaine, 69008, France"
45.75381,4.859795,"Félix Faure / Vivier-Merle, Avenue Félix Faure, La Buire, Lyon 3e Arrondissement, Lyon, Métropole de Lyon, Rhône, Auvergne-Rhône-Alpes, France métropolitaine, 69003, France"
45.761468,4.872466,"Institut d'Art Contemporain, Rue du Docteur Dolard, Ferrandière, Villeurbanne, Lyon, Métropole de Lyon, Rhône, Auvergne-Rhône-Alpes, France métropolitaine, 69100, France"
45.759842,4.835776,"Childebert / Rivière, Rue Marcel-Gabriel Rivière, Bellecour, Lyon 2e Arrondissement, Lyon, Métropole de Lyon, Rhône, Auvergne-Rhône-Alpes, France métropolitaine, 69002, France"
45.7820006188352,4.81043960203213,"Quai du Commerce, L’Industrie, Vaise, Lyon 9e Arrondissement, Lyon, Métropole de Lyon, Rhône, Auvergne-Rhône-Alpes, France métropolitaine, 69009, France"
45.757192,4.840495,"Augagneur / Fosse aux Ours, Quai Victor Augagneur, Préfecture, Lyon 3e Arrondissement, Lyon, Métropole de Lyon, Rhône, Auvergne-Rhône-Alpes, France métropolitaine, 69003, France"
45.752453,4.858785,"Philomène Magnin, Rue Philomène Magnin, La Buire, Lyon 3e Arrondissement, Lyon, Métropole de Lyon, Rhône, Auvergne-Rhône-Alpes, France métropolitaine, 69003, France"
45.778639,4.8071,"Masaryk / Saint-Cyr, Rue Masaryk, Vaise, Lyon 9e Arrondissement, Lyon, Métropole de Lyon, Rhône, Auvergne-Rhône-Alpes, France métropolitaine, 69009, France"
45.757484,4.858386,"Boulevard Vivier-Merle, Part-Dieu, Lyon 3e Arrondissement, Lyon, Métropole de Lyon, Rhône, Auvergne-Rhône-Alpes, France métropolitaine, 69003, France"
45.754415,4.885249,"Place de la Reconnaissance, Montchat, Lyon 3e Arrondissement, Lyon, Métropole de Lyon, Rhône, Auvergne-Rhône-Alpes, France métropolitaine, 69003, France"
45.788204,4.818572,"Lyon Métropole, Quai Joseph Gillet, Serin, Lyon 4e Arrondissement, Lyon, Métropole de Lyon, Rhône, Auvergne-Rhône-Alpes, France métropolitaine, 69004, France"
45.714426,4.930975,"Saint-Priest - Parc Technologique, Cours du Troisième Millénaire, Parc Technologique, Village, Saint-Priest, Lyon, Métropole de Lyon, Rhône, Auvergne-Rhône-Alpes, France métropolitaine, 69800, France"
45.724775,4.870745,"Avenue Viviani, Beauvisage, Lyon 8e Arrondissement, Lyon, Métropole de Lyon, Rhône, Auvergne-Rhône-Alpes, France métropolitaine, 69008, France"
45.756775,4.833917,"Place Antonin-Poncet, Bellecour, Lyon 2e Arrondissement, Lyon, Métropole de Lyon, Rhône, Auvergne-Rhône-Alpes, France métropolitaine, 69002, France"
45.736722,4.841079,"8, Rue Croix Barret, Les Girondins, Gerland, Lyon 7e Arrondissement, Lyon, Métropole de Lyon, Rhône, Auvergne-Rhône-Alpes, France métropolitaine, 69007, France"
45.766073,4.832849,"Meissonier, Place Meissonier, Terreaux, Lyon 1er Arrondissement, Lyon, Métropole de Lyon, Rhône, Auvergne-Rhône-Alpes, France métropolitaine, 69001, France"
45.764013,4.849933,"Les Halles, Rue Boileau, Les Brotteaux, Lyon 6e Arrondissement, Lyon, Métropole de Lyon, Rhône, Auvergne-Rhône-Alpes, France métropolitaine, 69006, France"
45.7809037283842,4.88958755288143,"Rue Michel Rocard, Buers, Villeurbanne, Lyon, Métropole de Lyon, Rhône, Auvergne-Rhône-Alpes, France métropolitaine, 69100, France"
45.751233,4.82688,"Université Catholique de Lyon, Place Carnot, Ainay, Lyon 2e Arrondissement, Lyon, Métropole de Lyon, Rhône, Auvergne-Rhône-Alpes, France métropolitaine, 69002, France"
45.777431,4.820526,"Philippe de Lassalle / Pillement, Rue Philippe de Lassalle, La Croix-Rousse, Lyon 4e Arrondissement, Lyon, Métropole de Lyon, Rhône, Auvergne-Rhône-Alpes, France métropolitaine, 69004, France"
45.751902,4.843812,"Escale Architectes, Rue Sébastien Gryphe, La Guillotière, Lyon 7e Arrondissement, Lyon, Métropole de Lyon, Rhône, Auvergne-Rhône-Alpes, France métropolitaine, 69007, France"
45.773125,4.807831,"Place Alfred Vanderpol, Pierre-Scize, Vaise, Lyon 9e Arrondissement, Lyon, Métropole de Lyon, Rhône, Auvergne-Rhône-Alpes, France métropolitaine, 69009, France"
45.757042,4.86532,"1, Place Sainte-Anne, La Villette, Lyon 3e Arrondissement, Lyon, Métropole de Lyon, Rhône, Auvergne-Rhône-Alpes, France métropolitaine, 69003, France"
45.748535,4.861533,"1, Rue du Professeur Rollet, Monplaisir, Lyon 8e Arrondissement, Lyon, Métropole de Lyon, Rhône, Auvergne-Rhône-Alpes, France métropolitaine, 69008, France"
45.75377,4.848043,"Saxe / Gambetta, Place Victor Basch, Saint-Amour, Lyon 3e Arrondissement, Lyon, Métropole de Lyon, Rhône, Auvergne-Rhône-Alpes, France métropolitaine, 69003, France"
45.780403,4.904869,"29, Allée du Mens, Saint-Jean, Villeurbanne, Lyon, Métropole de Lyon, Rhône, Auvergne-Rhône-Alpes, France métropolitaine, 69100, France"
45.737481,4.865503,"9, Rue Paul Cazeneuve, Le Bachut, Lyon 8e Arrondissement, Lyon, Métropole de Lyon, Rhône, Auvergne-Rhône-Alpes, France métropolitaine, 69008, France"
45.767051,4.892467,"Cours Émile Zola, Perralière, Villeurbanne, Lyon, Métropole de Lyon, Rhône, Auvergne-Rhône-Alpes, France métropolitaine, 69100, France"
45.740052,4.85941,"Place Mendès France, Avenue de l'Europe, Audibert-Lavirotte, Lyon 8e Arrondissement, Lyon, Métropole de Lyon, Rhône, Auvergne-Rhône-Alpes, France métropolitaine, 69008, France"
45.752907,4.863923,"2, Rue Jean Renoir, Sans Souci, Lyon 3e Arrondissement, Lyon, Métropole de Lyon, Rhône, Auvergne-Rhône-Alpes, France métropolitaine, 69003, France"
45.746779,4.842051,"Servant / Jaboulay, Rue Jaboulay, Jean-Macé, Lyon 7e Arrondissement, Lyon, Métropole de Lyon, Rhône, Auvergne-Rhône-Alpes, France métropolitaine, 69007, France"
45.708561,4.854821,"47, Rue Charles Plasse, Saint-Fons, Lyon, Métropole de Lyon, Rhône, Auvergne-Rhône-Alpes, France métropolitaine, 69190, France"
45.756535,4.796616,"Place des Compagnons de la chanson, Place des Compagnons de la Chanson, Point du Jour, Lyon 5e Arrondissement, Lyon, Métropole de Lyon, Rhône, Auvergne-Rhône-Alpes, France métropolitaine, 69005, France"
45.783533,4.871294,"Lyon-Tech La Doua, Rue Wilhelmine, Croix-Luizet, Villeurbanne, Lyon, Métropole de Lyon, Rhône, Auvergne-Rhône-Alpes, France métropolitaine, 69100, France"
45.786533,4.811446,"Un moment pour soi, Rue Antonin Laborde, L’Industrie, Vaise, Lyon 9e Arrondissement, Lyon, Métropole de Lyon, Rhône, Auvergne-Rhône-Alpes, France métropolitaine, 69009, France"
45.730786,4.823733,"Halle Tony Garnier, Rue Pierre Riboulet, Le Bon Lait, Gerland, Lyon 7e Arrondissement, Lyon, Métropole de Lyon, Rhône, Auvergne-Rhône-Alpes, France métropolitaine, 69007, France"
45.736633,4.917009,"Bron - Place Curial, Avenue Maréchal de Lattre de Tassigny, Bron, Lyon, Métropole de Lyon, Rhône, Auvergne-Rhône-Alpes, France métropolitaine, 69500, France"
45.791748,4.823595,"Quai Clemenceau, Cuire le Bas, Caluire-et-Cuire, Lyon, Métropole de Lyon, Rhône, Auvergne-Rhône-Alpes, France métropolitaine, 69300, France"
45.752553,4.855756,"Place Bir-Hakeim, La Buire, Lyon 3e Arrondissement, Lyon, Métropole de Lyon, Rhône, Auvergne-Rhône-Alpes, France métropolitaine, 69003, France"
45.751123,4.855604,"Gambetta / Jusserand, Avenue Jules Jusserand, La Buire, Lyon 3e Arrondissement, Lyon, Métropole de Lyon, Rhône, Auvergne-Rhône-Alpes, France métropolitaine, 69003, France"
45.7633761875017,4.83212534541183,"Saint-Antoine / Grenette, Quai Saint-Antoine, Cordeliers, Lyon 2e Arrondissement, Lyon, Métropole de Lyon, Rhône, Auvergne-Rhône-Alpes, France métropolitaine, 69002, France"
45.714039,4.806642,"132 Grande Rue, Rue Étienne Dolet, Montmein, Oullins, Lyon, Métropole de Lyon, Rhône, Auvergne-Rhône-Alpes, France métropolitaine, 69600, France"
45.758733,4.834136,"République / Maupin, Rue Simon Maupin, Bellecour, Lyon 2e Arrondissement, Lyon, Métropole de Lyon, Rhône, Auvergne-Rhône-Alpes, France métropolitaine, 69002, France"
45.772191,4.837917,"Quai Lassagne, Quai André Lassagne, Terreaux, Lyon 1er Arrondissement, Lyon, Métropole de Lyon, Rhône, Auvergne-Rhône-Alpes, France métropolitaine, 69001, France"
45.760762,4.834305,"Jacobins, Rue Jean de Tournes, Bellecour, Lyon 2e Arrondissement, Lyon, Métropole de Lyon, Rhône, Auvergne-Rhône-Alpes, France métropolitaine, 69002, France"
45.782287,4.849378,"Allée Achille Lignon, Cité Internationale, Lyon 6e Arrondissement, Lyon, Métropole de Lyon, Rhône, Auvergne-Rhône-Alpes, France métropolitaine, 69006, France"
45.777873,4.884238,"Château Gaillard / Bienvenus, Rue Château-Gaillard, Buers, Villeurbanne, Lyon, Métropole de Lyon, Rhône, Auvergne-Rhône-Alpes, France métropolitaine, 69100, France"
45.762184,4.836023,"République / Ferrandière, Rue Ferrandière, Cordeliers, Lyon 2e Arrondissement, Lyon, Métropole de Lyon, Rhône, Auvergne-Rhône-Alpes, France métropolitaine, 69002, France"
45.732483,4.853406,"Vienne / Montagny, Route de Vienne, Le Grand Trou, Lyon 8e Arrondissement, Lyon, Métropole de Lyon, Rhône, Auvergne-Rhône-Alpes, France métropolitaine, 69008, France"
45.748193,4.880641,"Place Henri, Cours Docteur Long, Grange Blanche, Lyon 3e Arrondissement, Lyon, Métropole de Lyon, Rhône, Auvergne-Rhône-Alpes, France métropolitaine, 69003, France"
45.752989,4.841417,"3, Rue Félissent, La Guillotière, Lyon 7e Arrondissement, Lyon, Métropole de Lyon, Rhône, Auvergne-Rhône-Alpes, France métropolitaine, 69007, France"
45.745018,4.866424,"Frères Lumière, Avenue des Frères Lumière, Monplaisir, Lyon 8e Arrondissement, Lyon, Métropole de Lyon, Rhône, Auvergne-Rhône-Alpes, France métropolitaine, 69008, France"
45.777287,4.803297,"Théâtre nouvelle Génération, Rue Tissot, Vaise, Lyon 9e Arrondissement, Lyon, Métropole de Lyon, Rhône, Auvergne-Rhône-Alpes, France métropolitaine, 69009, France"
45.757173,4.89998,"Primat / Decorps, Rue Max Barel, Cyprian, Villeurbanne, Lyon, Métropole de Lyon, Rhône, Auvergne-Rhône-Alpes, France métropolitaine, 69100, France"
45.728542,4.877279,"Avenue Paul Santy, La Plaine - Santy, Lyon 8e Arrondissement, Lyon, Métropole de Lyon, Rhône, Auvergne-Rhône-Alpes, France métropolitaine, 69008, France"
45.758,4.834594,"Kiosque Le Viste, Rue de la Barre, Bellecour, Lyon 2e Arrondissement, Lyon, Métropole de Lyon, Rhône, Auvergne-Rhône-Alpes, France métropolitaine, 69002, France"
45.744438,4.822152,"60, Cours Charlemagne, Sainte-Blandine, Lyon 2e Arrondissement, Lyon, Métropole de Lyon, Rhône, Auvergne-Rhône-Alpes, France métropolitaine, 69002, France"
45.745528,4.82359,"Place de l'Hippodrome, Sainte-Blandine, Lyon 2e Arrondissement, Lyon, Métropole de Lyon, Rhône, Auvergne-Rhône-Alpes, France métropolitaine, 69002, France"
45.759488,4.869346,"Place de la Ferrandière, La Villette, Lyon 3e Arrondissement, Lyon, Métropole de Lyon, Rhône, Auvergne-Rhône-Alpes, France métropolitaine, 69003, France"
45.735375,4.88954,"Rue Laënnec, Laënnec, Lyon 8e Arrondissement, Lyon, Métropole de Lyon, Rhône, Auvergne-Rhône-Alpes, France métropolitaine, 69008, France"
45.769289,4.830127,"Place Sathonay, Terreaux, Lyon 1er Arrondissement, Lyon, Métropole de Lyon, Rhône, Auvergne-Rhône-Alpes, France métropolitaine, 69001, France"
45.739652,4.814984,"Place des Docks, Confluence, Lyon 2e Arrondissement, Lyon, Métropole de Lyon, Rhône, Auvergne-Rhône-Alpes, France métropolitaine, 69002, France"
45.756813,4.828342,"28, Rue du Plat, Ainay, Lyon 2e Arrondissement, Lyon, Métropole de Lyon, Rhône, Auvergne-Rhône-Alpes, France métropolitaine, 69002, France"
45.767736,4.832114,"Terreaux / Terme, Rue Terme, Terreaux, Lyon 1er Arrondissement, Lyon, Métropole de Lyon, Rhône, Auvergne-Rhône-Alpes, France métropolitaine, 69001, France"
45.765944,4.831089,"A1N5C6, Rue de la Platière, Terreaux, Lyon 1er Arrondissement, Lyon, Métropole de Lyon, Rhône, Auvergne-Rhône-Alpes, France métropolitaine, 69001, France"
45.755783,4.840745,"Place Raspail, La Guillotière, Lyon 7e Arrondissement, Lyon, Métropole de Lyon, Rhône, Auvergne-Rhône-Alpes, France métropolitaine, 69007, France"
45.784526,4.877482,"Rue des Sports, Croix-Luizet, Villeurbanne, Lyon, Métropole de Lyon, Rhône, Auvergne-Rhône-Alpes, France métropolitaine, 69100, France"
45.775409,4.880261,"Vaillant / Perroncel, Rue Édouard Vaillant, Croix-Luizet, Villeurbanne, Lyon, Métropole de Lyon, Rhône, Auvergne-Rhône-Alpes, France métropolitaine, 69100, France"
45.756757,4.783206,"37, Avenue de Ménival, Ménival, Lyon 5e Arrondissement, Lyon, Métropole de Lyon, Rhône, Auvergne-Rhône-Alpes, France métropolitaine, 69005, France"
45.747835,4.872261,"62, Rue Saint-Maximin, Sans Souci, Lyon 3e Arrondissement, Lyon, Métropole de Lyon, Rhône, Auvergne-Rhône-Alpes, France métropolitaine, 69003, France"
45.770099,4.876728,"Zola / passage Rey, Cours Émile Zola, Gratte-Ciel, Villeurbanne, Lyon, Métropole de Lyon, Rhône, Auvergne-Rhône-Alpes, France métropolitaine, 69100, France"
45.740324,4.874192,"Boulevard Jean XXIII, Rue Maryse Bastié, Transvaal, Lyon 8e Arrondissement, Lyon, Métropole de Lyon, Rhône, Auvergne-Rhône-Alpes, France métropolitaine, 69008, France"
45.745304,4.888964,"Trarieux / Lacassagne, Rue Trarieux, Montchat, Lyon 3e Arrondissement, Lyon, Métropole de Lyon, Rhône, Auvergne-Rhône-Alpes, France métropolitaine, 69003, France"
45.762013,4.802751,"101, Avenue Barthélémy Buyer, Champvert, Lyon 5e Arrondissement, Lyon, Métropole de Lyon, Rhône, Auvergne-Rhône-Alpes, France métropolitaine, 69005, France"
45.759176,4.875958,"Avenue Marc Sangnier, Ferrandière, Villeurbanne, Lyon, Métropole de Lyon, Rhône, Auvergne-Rhône-Alpes, France métropolitaine, 69100, France"
45.754181,4.90528,"Place d'Espagne / Stade Krüger, Avenue Paul Krüger, Cyprian, Villeurbanne, Lyon, Métropole de Lyon, Rhône, Auvergne-Rhône-Alpes, France métropolitaine, 69100, France"
45.766921,4.870087,"24, Rue Anatole France, Charmettes, Villeurbanne, Lyon, Métropole de Lyon, Rhône, Auvergne-Rhône-Alpes, France métropolitaine, 69100, France"
45.757864,4.868337,"Sacré Coeur, Rue Antoine Charial, La Villette, Lyon 3e Arrondissement, Lyon, Métropole de Lyon, Rhône, Auvergne-Rhône-Alpes, France métropolitaine, 69003, France"
45.741336,4.885538,"Rockefeller / Esquirol, Avenue Rockefeller, Grange Blanche, Lyon 3e Arrondissement, Lyon, Métropole de Lyon, Rhône, Auvergne-Rhône-Alpes, France métropolitaine, 69003, France"
45.754468,4.833041,"41, Rue Sala, Ainay, Lyon 2e Arrondissement, Lyon, Métropole de Lyon, Rhône, Auvergne-Rhône-Alpes, France métropolitaine, 69002, France"
45.769837,4.889629,"Anatole France, Rue Anatole France, Perralière, Villeurbanne, Lyon, Métropole de Lyon, Rhône, Auvergne-Rhône-Alpes, France métropolitaine, 69100, France"
45.743756,4.847406,"Berthelot / Garibaldi, Rue Garibaldi, Jean-Macé, Lyon 7e Arrondissement, Lyon, Métropole de Lyon, Rhône, Auvergne-Rhône-Alpes, France métropolitaine, 69007, France"
45.764567,4.892349,"166, Rue du 4 Août 1789, Perralière, Villeurbanne, Lyon, Métropole de Lyon, Rhône, Auvergne-Rhône-Alpes, France métropolitaine, 69100, France"
45.792478,4.820567,"Carret / Sédallian, Quai Paul Sédallian, L’Industrie, Vaise, Lyon 9e Arrondissement, Lyon, Métropole de Lyon, Rhône, Auvergne-Rhône-Alpes, France métropolitaine, 69009, France"
45.776087,4.799725,"Rue Marietton, Vaise, Lyon 9e Arrondissement, Lyon, Métropole de Lyon, Rhône, Auvergne-Rhône-Alpes, France métropolitaine, 69009, France"
45.748286,4.896975,"Boulevard Pinel, Le Vinatier, Bron, Lyon, Métropole de Lyon, Rhône, Auvergne-Rhône-Alpes, France métropolitaine, 69500, France"
45.769684,4.824607,"Rouville, Place Rouville, Clos-Jouve, Lyon 1er Arrondissement, Lyon, Métropole de Lyon, Rhône, Auvergne-Rhône-Alpes, France métropolitaine, 69001, France"
45.763139,4.900492,"Boiron Granger, Rue Pierre Baratin, Cusset, Villeurbanne, Lyon, Métropole de Lyon, Rhône, Auvergne-Rhône-Alpes, France métropolitaine, 69100, France"
45.766278,4.827425,"Saint-Paul, Place Saint-Paul, Saint-Paul, Lyon 5e Arrondissement, Lyon, Métropole de Lyon, Rhône, Auvergne-Rhône-Alpes, France métropolitaine, 69005, France"
45.775070841112,4.83549930268728,"23, Rue d'Austerlitz, Gros Caillou, Lyon 4e Arrondissement, Lyon, Métropole de Lyon, Rhône, Auvergne-Rhône-Alpes, France métropolitaine, 69004, France"
45.784698,4.851896,"Cité Internationale / Cinéma, Quai Charles de Gaulle, Cité Internationale, Lyon 6e Arrondissement, Lyon, Métropole de Lyon, Rhône, Auvergne-Rhône-Alpes, France métropolitaine, 69006, France"
45.75882,4.846453,"Place Guichard, Rue Mazenod, Voltaire, Lyon 3e Arrondissement, Lyon, Métropole de Lyon, Rhône, Auvergne-Rhône-Alpes, France métropolitaine, 69003, France"
45.76884,4.884276,"Anatole France / Zola, Avenue du Commandant l'Herminier, Gratte-Ciel, Villeurbanne, Lyon, Métropole de Lyon, Rhône, Auvergne-Rhône-Alpes, France métropolitaine, 69100, France"
45.736289,4.883667,"Ambroise Paré, Boulevard Ambroise Paré, Laënnec, Lyon 8e Arrondissement, Lyon, Métropole de Lyon, Rhône, Auvergne-Rhône-Alpes, France métropolitaine, 69008, France"
45.770991,4.807578,"Place de la Rhodiacéta, Rue du Chapeau Rouge, Pierre-Scize, Vaise, Lyon 9e Arrondissement, Lyon, Métropole de Lyon, Rhône, Auvergne-Rhône-Alpes, France métropolitaine, 69009, France"
45.766032,4.862063,"Viabert / Thiers, Avenue Thiers, Bellecombe, Lyon 6e Arrondissement, Lyon, Métropole de Lyon, Rhône, Auvergne-Rhône-Alpes, France métropolitaine, 69006, France"
45.7684,4.858972,"Place Jules Ferry, Rue Curie, Bellecombe, Lyon 6e Arrondissement, Lyon, Métropole de Lyon, Rhône, Auvergne-Rhône-Alpes, France métropolitaine, 69006, France"
45.736216,4.815348,"Sucrière, Place Chevalier de Saint-Georges, Confluence, Lyon 2e Arrondissement, Lyon, Métropole de Lyon, Rhône, Auvergne-Rhône-Alpes, France métropolitaine, 69002, France"
45.760468,4.826548,"Place Édouard Commette, Saint-Jean, Lyon 5e Arrondissement, Lyon, Métropole de Lyon, Rhône, Auvergne-Rhône-Alpes, France métropolitaine, 69005, France"
45.773845,4.893851,"Greuze, Rue Greuze, Buers, Villeurbanne, Lyon, Métropole de Lyon, Rhône, Auvergne-Rhône-Alpes, France métropolitaine, 69100, France"
45.767194,4.900597,"Voyant / Chambord, Rue Pierre Voyant, Cusset, Villeurbanne, Lyon, Métropole de Lyon, Rhône, Auvergne-Rhône-Alpes, France métropolitaine, 69100, France"
45.731708,4.874205,"Santy / Beauvisage, Rue Pierre Verger, Le Bachut, Lyon 8e Arrondissement, Lyon, Métropole de Lyon, Rhône, Auvergne-Rhône-Alpes, France métropolitaine, 69008, France"
45.769508,4.837495,"18, Place Tolozan, Terreaux, Lyon 1er Arrondissement, Lyon, Métropole de Lyon, Rhône, Auvergne-Rhône-Alpes, France métropolitaine, 69001, France"
45.759906,4.844511,"126, Rue Pierre Corneille, Préfecture, Lyon 3e Arrondissement, Lyon, Métropole de Lyon, Rhône, Auvergne-Rhône-Alpes, France métropolitaine, 69003, France"
45.785632,4.882366,"IUT Feyssine, 43, Boulevard du 11 Novembre 1918, Croix-Luizet, Villeurbanne, Lyon, Métropole de Lyon, Rhône, Auvergne-Rhône-Alpes, France métropolitaine, 69100, France"
45.753975,4.867336,"Sans Souci, Lyon 3e Arrondissement, Lyon, Métropole de Lyon, Rhône, Auvergne-Rhône-Alpes, France métropolitaine, 69003, France"
45.766893,4.858922,"Gare Des Brotteaux, Place Jules Ferry, Bellecombe, Lyon 6e Arrondissement, Lyon, Métropole de Lyon, Rhône, Auvergne-Rhône-Alpes, France métropolitaine, 69006, France"
45.717001,4.814072,"Avenue du Rhône, La Saulaie, Oullins, Lyon, Métropole de Lyon, Rhône, Auvergne-Rhône-Alpes, France métropolitaine, 69600, France"
45.757931,4.910776,"6, Avenue de Bel-Air, Les Brosses, Villeurbanne, Lyon, Métropole de Lyon, Rhône, Auvergne-Rhône-Alpes, France métropolitaine, 69100, France"
45.782631,4.825576,"Clos Savaron, Rue Clos Savaron, La Croix-Rousse, Lyon 4e Arrondissement, Lyon, Métropole de Lyon, Rhône, Auvergne-Rhône-Alpes, France métropolitaine, 69004, France"
45.761532,4.895763,"Marché Alimentaire de Grandclément, Boulevard Eugène Réguillon, Grandclément, Villeurbanne, Lyon, Métropole de Lyon, Rhône, Auvergne-Rhône-Alpes, France métropolitaine, 69100, France"
45.779062,4.866874,"Université Claude Bernard - Lyon 1 - Campus LyonTech-la Doua, 43, Boulevard du 11 Novembre 1918, Croix-Luizet, Villeurbanne, Lyon, Métropole de Lyon, Rhône, Auvergne-Rhône-Alpes, France métropolitaine, 69100, France"
45.758874,4.878683,"Avenue Antoine de Saint-Exupéry, Ferrandière, Villeurbanne, Lyon, Métropole de Lyon, Rhône, Auvergne-Rhône-Alpes, France métropolitaine, 69100, France"
45.77762,4.83453,"Le rideau rouge, 1, Place Marcel Bertone, Gros Caillou, Lyon 4e Arrondissement, Lyon, Métropole de Lyon, Rhône, Auvergne-Rhône-Alpes, France métropolitaine, 69004, France"
45.739827,4.840308,"Place Jean Jaurès, Les Girondins, Gerland, Lyon 7e Arrondissement, Lyon, Métropole de Lyon, Rhône, Auvergne-Rhône-Alpes, France métropolitaine, 69007, France"
45.783698,4.794485,"Allée de l'Europe, Avenue du Plateau, Plateau, La Duchère, Lyon 9e Arrondissement, Lyon, Métropole de Lyon, Rhône, Auvergne-Rhône-Alpes, France métropolitaine, 69009, France"
45.760603,4.900702,"Baratin, Rue Pierre Baratin, Cusset, Villeurbanne, Lyon, Métropole de Lyon, Rhône, Auvergne-Rhône-Alpes, France métropolitaine, 69100, France"
45.774632,4.813425,"Birmingham, Avenue de Birmingham, Serin, Lyon 4e Arrondissement, Lyon, Métropole de Lyon, Rhône, Auvergne-Rhône-Alpes, France métropolitaine, 69004, France"
45.752923,4.898891,"Kimmerling, Rue Émile Decorps, Cyprian, Villeurbanne, Lyon, Métropole de Lyon, Rhône, Auvergne-Rhône-Alpes, France métropolitaine, 69100, France"
45.733388,4.818954,"Pont Raymond Barre, Confluence, Lyon 2e Arrondissement, Lyon, Métropole de Lyon, Rhône, Auvergne-Rhône-Alpes, France métropolitaine, 69002, France"
45.708123,4.861905,"Théâtre Jean Marais, Rue Paul Vaillant Couturier, Saint-Fons, Lyon, Métropole de Lyon, Rhône, Auvergne-Rhône-Alpes, France métropolitaine, 69190, France"
45.770392,4.814254,"Conservatoire bis, Quai Saint-Vincent, Clos-Jouve, Lyon 1er Arrondissement, Lyon, Métropole de Lyon, Rhône, Auvergne-Rhône-Alpes, France métropolitaine, 69001, France"
45.782994,4.890614,"Salengro / Feyssine, Rue de la Feyssine, Buers, Villeurbanne, Lyon, Métropole de Lyon, Rhône, Auvergne-Rhône-Alpes, France métropolitaine, 69100, France"
45.757916,4.81317,"Tunnel de Fourvière M6, Saint-Just, Lyon 5e Arrondissement, Lyon, Métropole de Lyon, Rhône, Auvergne-Rhône-Alpes, France métropolitaine, 69005, France"
45.760779,4.85276,"Servient / Garibaldi, Rue Servient, Part-Dieu, Lyon 3e Arrondissement, Lyon, Métropole de Lyon, Rhône, Auvergne-Rhône-Alpes, France métropolitaine, 69003, France"
45.734027,4.862906,"Square René Picod, Les États-Unis, Lyon 8e Arrondissement, Lyon, Métropole de Lyon, Rhône, Auvergne-Rhône-Alpes, France métropolitaine, 69008, France"
45.7589457457871,4.85624511710564,"Rue du Docteur Bouchut, Part-Dieu, Lyon 3e Arrondissement, Lyon, Métropole de Lyon, Rhône, Auvergne-Rhône-Alpes, France métropolitaine, 69003, France"
45.740279,4.832061,"1, Rue Crépet, Les Girondins, Gerland, Lyon 7e Arrondissement, Lyon, Métropole de Lyon, Rhône, Auvergne-Rhône-Alpes, France métropolitaine, 69007, France"
45.760698,4.836279,"1, Rue Jacques Stella, Cordeliers, Lyon 2e Arrondissement, Lyon, Métropole de Lyon, Rhône, Auvergne-Rhône-Alpes, France métropolitaine, 69002, France"
45.779066,4.871581,"11 novembre / Gaston Berger, Boulevard du 11 Novembre 1918, Tonkin, Villeurbanne, Lyon, Métropole de Lyon, Rhône, Auvergne-Rhône-Alpes, France métropolitaine, 69100, France"
45.752967,4.850271,"Place Aristide Briand, Rue Duguesclin, Saint-Amour, Lyon 3e Arrondissement, Lyon, Métropole de Lyon, Rhône, Auvergne-Rhône-Alpes, France métropolitaine, 69003, France"
45.7708541,4.8726116,"103, Cours Émile Zola, Charpennes, Villeurbanne, Lyon, Métropole de Lyon, Rhône, Auvergne-Rhône-Alpes, France métropolitaine, 69100, France"
45.779731,4.834708,"2, Place du Commandant Arnaud, Gros Caillou, Lyon 4e Arrondissement, Lyon, Métropole de Lyon, Rhône, Auvergne-Rhône-Alpes, France métropolitaine, 69004, France"
45.74541,4.847843,"CROUS, Rue Chevreul, Jean-Macé, Lyon 7e Arrondissement, Lyon, Métropole de Lyon, Rhône, Auvergne-Rhône-Alpes, France métropolitaine, 69007, France"
45.776002,4.829628,"Place des Tapis, Boulevard des Canuts, La Croix-Rousse, Lyon 4e Arrondissement, Lyon, Métropole de Lyon, Rhône, Auvergne-Rhône-Alpes, France métropolitaine, 69004, France"
45.876622,4.838578,"Place Ampère, Le Billard, Neuville-sur-Saône, Lyon, Métropole de Lyon, Rhône, Auvergne-Rhône-Alpes, France métropolitaine, 69250, France"
45.755068,4.871457,"Faure / Meynis, Avenue Félix Faure, Sans Souci, Lyon 3e Arrondissement, Lyon, Métropole de Lyon, Rhône, Auvergne-Rhône-Alpes, France métropolitaine, 69003, France"
45.757578,4.846117,"Avenue Maréchal de Saxe, Voltaire, Lyon 3e Arrondissement, Lyon, Métropole de Lyon, Rhône, Auvergne-Rhône-Alpes, France métropolitaine, 69003, France"
45.770705,4.867201,"25, Rue des Charmettes, Charpennes, Villeurbanne, Lyon, Métropole de Lyon, Rhône, Auvergne-Rhône-Alpes, France métropolitaine, 69100, France"
45.730083,4.82781,"21, Rue de Saint-Cloud, Le Bon Lait, Gerland, Lyon 7e Arrondissement, Lyon, Métropole de Lyon, Rhône, Auvergne-Rhône-Alpes, France métropolitaine, 69007, France"
45.7511023770123,4.83615396294288,"VL1, Chevreul, Lyon 7e Arrondissement, Lyon, Métropole de Lyon, Rhône, Auvergne-Rhône-Alpes, France métropolitaine, 69007, France"
45.743396,4.87897,"Rue du Professeur Florence, Grange Blanche, Lyon 3e Arrondissement, Lyon, Métropole de Lyon, Rhône, Auvergne-Rhône-Alpes, France métropolitaine, 69003, France"
45.762876,4.862249,"1, Rue Saint-Antoine, La Villette, Lyon 3e Arrondissement, Lyon, Métropole de Lyon, Rhône, Auvergne-Rhône-Alpes, France métropolitaine, 69003, France"
45.769654,4.852366,"47, Rue Tête d'Or, Les Brotteaux, Lyon 6e Arrondissement, Lyon, Métropole de Lyon, Rhône, Auvergne-Rhône-Alpes, France métropolitaine, 69006, France"
45.77291,4.837315,"9, Place Louis Chazette, Pentes de la Croix-Rousse, Lyon 1er Arrondissement, Lyon, Métropole de Lyon, Rhône, Auvergne-Rhône-Alpes, France métropolitaine, 69001, France"
45.786546,4.797107,"Avenue Andreï Sakharov, Balmont, La Duchère, Lyon 9e Arrondissement, Lyon, Métropole de Lyon, Rhône, Auvergne-Rhône-Alpes, France métropolitaine, 69009, France"
45.7291359373026,4.8301170098658,"Place des Pavillons, Rue Marcel Mérieux, Le Bon Lait, Gerland, Lyon 7e Arrondissement, Lyon, Métropole de Lyon, Rhône, Auvergne-Rhône-Alpes, France métropolitaine, 69007, France"
45.727951,4.823563,"Cité Scolaire Internationale, Rue de Turin, Gerland, Lyon 7e Arrondissement, Lyon, Métropole de Lyon, Rhône, Auvergne-Rhône-Alpes, France métropolitaine, 69007, France"
45.765811,4.844767,"Place Edgar Quinet, Les Brotteaux, Lyon 6e Arrondissement, Lyon, Métropole de Lyon, Rhône, Auvergne-Rhône-Alpes, France métropolitaine, 69006, France"
45.781008,4.871219,"Université Claude Bernard - Lyon 1 - Campus LyonTech-la Doua, 43, Boulevard du 11 Novembre 1918, Croix-Luizet, Villeurbanne, Lyon, Métropole de Lyon, Rhône, Auvergne-Rhône-Alpes, France métropolitaine, 69100, France"
45.766821,4.841095,"Quai Sarrail, VL1, Les Brotteaux, Lyon 6e Arrondissement, Lyon, Métropole de Lyon, Rhône, Auvergne-Rhône-Alpes, France métropolitaine, 69006, France"
45.753705,4.838283,"VL1, Chevreul, Lyon 7e Arrondissement, Lyon, Métropole de Lyon, Rhône, Auvergne-Rhône-Alpes, France métropolitaine, 69007, France"
45.766763,4.832942,"Terreaux / Chenavard, Rue Paul Chenavard, Terreaux, Lyon 1er Arrondissement, Lyon, Métropole de Lyon, Rhône, Auvergne-Rhône-Alpes, France métropolitaine, 69001, France"
45.764812,4.884311,"4 Août 1789, Rue du 4 Août 1789, Gratte-Ciel, Villeurbanne, Lyon, Métropole de Lyon, Rhône, Auvergne-Rhône-Alpes, France métropolitaine, 69100, France"
45.736219,4.879855,"140b, Rue Bataille, Transvaal, Lyon 8e Arrondissement, Lyon, Métropole de Lyon, Rhône, Auvergne-Rhône-Alpes, France métropolitaine, 69008, France"
45.757936,4.921156,"Les Brosses, Villeurbanne, Lyon, Métropole de Lyon, Rhône, Auvergne-Rhône-Alpes, France métropolitaine, 69100, France"
45.747358,4.836009,"École primaire Berthelot, Rue de Marseille, Chevreul, Lyon 7e Arrondissement, Lyon, Métropole de Lyon, Rhône, Auvergne-Rhône-Alpes, France métropolitaine, 69007, France"
45.7679258135543,4.98117413078694,"Allée des Lumières, Décines-Charpieu, Lyon, Métropole de Lyon, Rhône, Auvergne-Rhône-Alpes, France métropolitaine, 69150, France"
45.805207,4.88477,"24, Route de Genève, Crépieux, Crépieux-la-Pape, Rillieux-la-Pape, Lyon, Métropole de Lyon, Rhône, Auvergne-Rhône-Alpes, France métropolitaine, 69140, France"
45.729714,4.854338,"Moulin à Vent, Vénissieux, Lyon, Métropole de Lyon, Rhône, Auvergne-Rhône-Alpes, France métropolitaine, 69200, France"
45.779429,4.873992,"Lyon-Tech La Doua, Rue Wilhelmine, Croix-Luizet, Villeurbanne, Lyon, Métropole de Lyon, Rhône, Auvergne-Rhône-Alpes, France métropolitaine, 69100, France"
45.785796,4.833733,"Caluire - Gare de Cuire, Rue Coste, Cuire le Haut, Caluire-et-Cuire, Lyon, Métropole de Lyon, Rhône, Auvergne-Rhône-Alpes, France métropolitaine, 69300, France"
45.743975,4.841463,"Avenue Jean Jaurès, Les Girondins, Gerland, Lyon 7e Arrondissement, Lyon, Métropole de Lyon, Rhône, Auvergne-Rhône-Alpes, France métropolitaine, 69007, France"
45.75254,4.894272,"1, Rue de la Caille, Montchat, Lyon 3e Arrondissement, Lyon, Métropole de Lyon, Rhône, Auvergne-Rhône-Alpes, France métropolitaine, 69003, France"
45.719746,4.888457,"Promenade Joseph Muntz, Vénissieux, Lyon, Métropole de Lyon, Rhône, Auvergne-Rhône-Alpes, France métropolitaine, 69200, France"
45.76611,4.898539,"241, Rue du 4 Août 1789, Cusset, Villeurbanne, Lyon, Métropole de Lyon, Rhône, Auvergne-Rhône-Alpes, France métropolitaine, 69100, France"
45.724352,4.826821,"Parc de Gerland, Allée Pierre de Coubertin, Gerland, Lyon 7e Arrondissement, Lyon, Métropole de Lyon, Rhône, Auvergne-Rhône-Alpes, France métropolitaine, 69007, France"
45.780679,4.88356,"Croix-Luizet, Place de Croix-Luizet, Croix-Luizet, Villeurbanne, Lyon, Métropole de Lyon, Rhône, Auvergne-Rhône-Alpes, France métropolitaine, 69100, France"
45.763906,4.792643,"Champvert, Avenue Barthélémy Buyer, Gorge de Loup, Lyon 9e Arrondissement, Lyon, Métropole de Lyon, Rhône, Auvergne-Rhône-Alpes, France métropolitaine, 69009, France"
45.729454,4.844228,"Lacour / Artillerie, Rue Challemel-Lacour, Gerland, Lyon 7e Arrondissement, Lyon, Métropole de Lyon, Rhône, Auvergne-Rhône-Alpes, France métropolitaine, 69007, France"
45.781574,4.832866,"Place Joannès Ambre, Place Joannes Ambre, Bissardon, Caluire-et-Cuire, Lyon, Métropole de Lyon, Rhône, Auvergne-Rhône-Alpes, France métropolitaine, 69300, France"
45.767611,4.836619,"Opéra, Rue Joseph Serlin, Terreaux, Lyon 1er Arrondissement, Lyon, Métropole de Lyon, Rhône, Auvergne-Rhône-Alpes, France métropolitaine, 69001, France"
45.751873,4.824763,"43, Rue Vaubecour, Ainay, Lyon 2e Arrondissement, Lyon, Métropole de Lyon, Rhône, Auvergne-Rhône-Alpes, France métropolitaine, 69002, France"
45.71532,4.878337,"62, Boulevard Irène Joliot-Curie, Moulin à Vent, Vénissieux, Lyon, Métropole de Lyon, Rhône, Auvergne-Rhône-Alpes, France métropolitaine, 69200, France"
45.773815,4.809566,"Place du Port Mouton, Quai Arloing, Vaise, Lyon 9e Arrondissement, Lyon, Métropole de Lyon, Rhône, Auvergne-Rhône-Alpes, France métropolitaine, 69009, France"
45.72284,4.915219,"Université Lumière - Lyon 2 (Campus Porte des Alpes), Rue Paul Langevin, Village, Saint-Priest, Lyon, Métropole de Lyon, Rhône, Auvergne-Rhône-Alpes, France métropolitaine, 69800, France"
45.785465,4.847838,"Saint-Clair, Caluire-et-Cuire, Lyon, Métropole de Lyon, Rhône, Auvergne-Rhône-Alpes, France métropolitaine, 69300, France"
45.762974,4.855071,"Westfield La Part-Dieu, 17, Rue du Docteur Bouchut, Part-Dieu, Lyon 3e Arrondissement, Lyon, Métropole de Lyon, Rhône, Auvergne-Rhône-Alpes, France métropolitaine, 69003, France"
45.774241,4.805676,"Mairie du 9ème, Rue du Bourbonnais, Vaise, Lyon 9e Arrondissement, Lyon, Métropole de Lyon, Rhône, Auvergne-Rhône-Alpes, France métropolitaine, 69009, France"
45.760526,4.905877,"Rue Léon Blum, Bonnevay, Villeurbanne, Lyon, Métropole de Lyon, Rhône, Auvergne-Rhône-Alpes, France métropolitaine, 69100, France"
45.7651045967603,4.90512854660767,"Complexe sportif Jeanne Desparmet-Ruello, Rue Baudin, Bonnevay, Villeurbanne, Lyon, Métropole de Lyon, Rhône, Auvergne-Rhône-Alpes, France métropolitaine, 69100, France"
45.779487,4.891692,"1, Rue du Professeur Émile Bouvier, Buers, Villeurbanne, Lyon, Métropole de Lyon, Rhône, Auvergne-Rhône-Alpes, France métropolitaine, 69100, France"
45.773304,4.852001,"Boulevard des Belges, Allée du Fleuriste, Les Brotteaux, Lyon 6e Arrondissement, Lyon, Métropole de Lyon, Rhône, Auvergne-Rhône-Alpes, France métropolitaine, 69006, France"
45.786262,4.926788,"9, Place Gilbert Boissier, Le Village, Vaulx-en-Velin, Lyon, Métropole de Lyon, Rhône, Auvergne-Rhône-Alpes, France métropolitaine, 69120, France"
45.782222,4.876951,"INSA, Avenue Albert Einstein, Croix-Luizet, Villeurbanne, Lyon, Métropole de Lyon, Rhône, Auvergne-Rhône-Alpes, France métropolitaine, 69100, France"
45.748925,4.847714,"Rue Saint-Lazare, La Guillotière, Lyon 7e Arrondissement, Lyon, Métropole de Lyon, Rhône, Auvergne-Rhône-Alpes, France métropolitaine, 69007, France"
45.754978,4.812427,"56, Rue des Chevaucheurs, Saint-Irénée, Lyon 5e Arrondissement, Lyon, Métropole de Lyon, Rhône, Auvergne-Rhône-Alpes, France métropolitaine, 69005, France"
45.830874,4.846988,"Collonges - Gare, Quai de la Libération, Collonges-au-Mont-d'Or, Lyon, Métropole de Lyon, Rhône, Auvergne-Rhône-Alpes, France métropolitaine, 69660, France"
45.870877,4.839595,"Route de Lyon, Neuville-sur-Saône, Lyon, Métropole de Lyon, Rhône, Auvergne-Rhône-Alpes, France métropolitaine, 69250, France"
45.778178,4.920544,"Place de la Nation, Vernay, Vaulx-en-Velin, Lyon, Métropole de Lyon, Rhône, Auvergne-Rhône-Alpes, France métropolitaine, 69120, France"
45.776715,4.859573,"Rue Georges Meliès, Tonkin, Villeurbanne, Lyon, Métropole de Lyon, Rhône, Auvergne-Rhône-Alpes, France métropolitaine, 69100, France"
45.767062,4.834294,"Terreaux / Beaux Arts, Rue du Président Édouard Herriot, Terreaux, Lyon 1er Arrondissement, Lyon, Métropole de Lyon, Rhône, Auvergne-Rhône-Alpes, France métropolitaine, 69001, France"
45.742617,4.820464,"Patinoire Charlemagne, Rue Casimir Périer, Confluence, Lyon 2e Arrondissement, Lyon, Métropole de Lyon, Rhône, Auvergne-Rhône-Alpes, France métropolitaine, 69002, France"
45.735158,4.872803,"Mairie du 8ème, Avenue Jean Mermoz, Le Bachut, Lyon 8e Arrondissement, Lyon, Métropole de Lyon, Rhône, Auvergne-Rhône-Alpes, France métropolitaine, 69008, France"
45.762023,4.841053,"Quai Augagneur, Voie Verte des Berges du Rhône, Préfecture, Lyon 3e Arrondissement, Lyon, Métropole de Lyon, Rhône, Auvergne-Rhône-Alpes, France métropolitaine, 69003, France"
45.874978,4.833024,"Albigny - Gare, Place de la Gare, Villevert, Albigny-sur-Saône, Lyon, Métropole de Lyon, Rhône, Auvergne-Rhône-Alpes, France métropolitaine, 69250, France"
45.708509,4.886939,"Avenue Jules Guesde, Les Minguettes, Vénissieux, Lyon, Métropole de Lyon, Rhône, Auvergne-Rhône-Alpes, France métropolitaine, 69200, France"
45.764489,4.877894,"4 Août / Racine, Rue du 4 Août 1789, Ferrandière, Villeurbanne, Lyon, Métropole de Lyon, Rhône, Auvergne-Rhône-Alpes, France métropolitaine, 69100, France"
45.763652,4.873158,"Cours Tolstoï, Ferrandière, Villeurbanne, Lyon, Métropole de Lyon, Rhône, Auvergne-Rhône-Alpes, France métropolitaine, 69100, France"
45.738301,4.862727,"Berthelot / Villon, Rue Villon, Audibert-Lavirotte, Lyon 8e Arrondissement, Lyon, Métropole de Lyon, Rhône, Auvergne-Rhône-Alpes, France métropolitaine, 69008, France"
45.757268,4.855193,"Desaix, Rue Desaix, Part-Dieu, Lyon 3e Arrondissement, Lyon, Métropole de Lyon, Rhône, Auvergne-Rhône-Alpes, France métropolitaine, 69003, France"
45.763383,4.829024,"Rue de la Baleine, Quai Romain Rolland, Saint-Jean, Lyon 5e Arrondissement, Lyon, Métropole de Lyon, Rhône, Auvergne-Rhône-Alpes, France métropolitaine, 69005, France"
45.757147,4.858975,"170, Rue Paul Bert, Part-Dieu, Lyon 3e Arrondissement, Lyon, Métropole de Lyon, Rhône, Auvergne-Rhône-Alpes, France métropolitaine, 69003, France"
45.787941,4.853035,"Caluire - Passerelle de la Paix, Chemin de Wette-Faÿs, Saint-Clair, Caluire-et-Cuire, Lyon, Métropole de Lyon, Rhône, Auvergne-Rhône-Alpes, France métropolitaine, 69300, France"
45.76326,4.85749,"Tunnel Brotteaux-Servient, Part-Dieu, Lyon 3e Arrondissement, Lyon, Métropole de Lyon, Rhône, Auvergne-Rhône-Alpes, France métropolitaine, 69003, France"
45.75118,4.884795,"3, Place Louise, Montchat, Lyon 3e Arrondissement, Lyon, Métropole de Lyon, Rhône, Auvergne-Rhône-Alpes, France métropolitaine, 69003, France"
45.762054,4.833194,"Mercière / Ferrandière, Rue Ferrandière, Cordeliers, Lyon 2e Arrondissement, Lyon, Métropole de Lyon, Rhône, Auvergne-Rhône-Alpes, France métropolitaine, 69002, France"
45.74656,4.842265,"Vélo'v, Rue Jaboulay, Jean-Macé, Lyon 7e Arrondissement, Lyon, Métropole de Lyon, Rhône, Auvergne-Rhône-Alpes, France métropolitaine, 69007, France"
45.754654,4.78821,"Ménival / Joliot Curie, Rue Joliot-Curie, Ménival, Lyon 5e Arrondissement, Lyon, Métropole de Lyon, Rhône, Auvergne-Rhône-Alpes, France métropolitaine, 69005, France"
45.749257,4.82984,"Charité / Récamier, Rue de la Charité, Ainay, Lyon 2e Arrondissement, Lyon, Métropole de Lyon, Rhône, Auvergne-Rhône-Alpes, France métropolitaine, 69002, France"
45.757092,4.92731,"Vaulx - Bibliothèque, Rue Joseph Blein, Petite Cité TASE, La Poudrette, Vaulx-en-Velin, Lyon, Métropole de Lyon, Rhône, Auvergne-Rhône-Alpes, France métropolitaine, 69120, France"
45.799742,4.819607,"Saint-Cyr, Route de Lyon, Saint-Rambert, Lyon 9e Arrondissement, Saint-Cyr-au-Mont-d'Or, Lyon, Métropole de Lyon, Rhône, Auvergne-Rhône-Alpes, France métropolitaine, 69450, France"
45.766576,4.820214,"Place Bourgneuf, Fourvière, Lyon 5e Arrondissement, Lyon, Métropole de Lyon, Rhône, Auvergne-Rhône-Alpes, France métropolitaine, 69005, France"
45.764695,4.828969,"1, Place Ennemond Fousseret, Saint-Paul, Lyon 5e Arrondissement, Lyon, Métropole de Lyon, Rhône, Auvergne-Rhône-Alpes, France métropolitaine, 69005, France"
45.754727,4.85346,"51, Rue du Pensionnat, Saint-Amour, Lyon 3e Arrondissement, Lyon, Métropole de Lyon, Rhône, Auvergne-Rhône-Alpes, France métropolitaine, 69003, France"
45.741425,4.879733,"Laënnec, Rue Nungesser et Coli, Transvaal, Lyon 8e Arrondissement, Lyon, Métropole de Lyon, Rhône, Auvergne-Rhône-Alpes, France métropolitaine, 69008, France"
45.749627,4.795546,"La Salette, Rue du Commandant Charcot, Lyon 5e Arrondissement, Lyon, Métropole de Lyon, Rhône, Auvergne-Rhône-Alpes, France métropolitaine, 69005, France"
45.738135,4.886885,"Claude Bernard Lyon I, Rue Guillaume Paradin, Laënnec, Lyon 8e Arrondissement, Lyon, Métropole de Lyon, Rhône, Auvergne-Rhône-Alpes, France métropolitaine, 69008, France"
45.7524835251712,4.8687553636982,"Sisley / Dauphiné, Rue du Professeur Paul Sisley, Sans Souci, Lyon 3e Arrondissement, Lyon, Métropole de Lyon, Rhône, Auvergne-Rhône-Alpes, France métropolitaine, 69003, France"
45.835406,4.8457,"Place des Rendez-vous, Fontaines-sur-Saône, Lyon, Métropole de Lyon, Rhône, Auvergne-Rhône-Alpes, France métropolitaine, 69270, France"
45.766861,4.880059,"Mairie de Villeurbanne, Avenue Aristide Briand, Gratte-Ciel, Villeurbanne, Lyon, Métropole de Lyon, Rhône, Auvergne-Rhône-Alpes, France métropolitaine, 69100, France"
45.765789,4.836906,"Ampère / Bourse, Rue de la Bourse, Cordeliers, Lyon 2e Arrondissement, Lyon, Métropole de Lyon, Rhône, Auvergne-Rhône-Alpes, France métropolitaine, 69002, France"
45.77435,4.859157,"Stalingrad, Boulevard de la Bataille de Stalingrad, Tonkin, Villeurbanne, Lyon, Métropole de Lyon, Rhône, Auvergne-Rhône-Alpes, France métropolitaine, 69100, France"
45.757571,4.837183,"Hôtel Dieu / Pont de la Guillotière, Quai Jules Courmont, Bellecour, Lyon 2e Arrondissement, Lyon, Métropole de Lyon, Rhône, Auvergne-Rhône-Alpes, France métropolitaine, 69002, France"
45.764079,4.835554,"LCL, Rue de la Poulaillerie, Cordeliers, Lyon 2e Arrondissement, Lyon, Métropole de Lyon, Rhône, Auvergne-Rhône-Alpes, France métropolitaine, 69002, France"
45.724172,4.854165,"Hôpital Saint-Jean de Dieu, Rue Paul Verlaine, Moulin à Vent, Vénissieux, Lyon, Métropole de Lyon, Rhône, Auvergne-Rhône-Alpes, France métropolitaine, 69200, France"
45.734712,4.835486,"Jaurès / Bollier, Avenue Jean Jaurès, Le Bon Lait, Gerland, Lyon 7e Arrondissement, Lyon, Métropole de Lyon, Rhône, Auvergne-Rhône-Alpes, France métropolitaine, 69007, France"
45.712362,4.855202,"Saint Fons - Arsenal, Avenue Jean Jaurès, Saint-Fons, Lyon, Métropole de Lyon, Rhône, Auvergne-Rhône-Alpes, France métropolitaine, 69190, France"
45.745939,4.851214,"Esplanade Repos, La Guillotière, Lyon 7e Arrondissement, Lyon, Métropole de Lyon, Rhône, Auvergne-Rhône-Alpes, France métropolitaine, 69007, France"
45.754875,4.843627,"Place Gabriel Péri, La Guillotière, Lyon 7e Arrondissement, Lyon, Métropole de Lyon, Rhône, Auvergne-Rhône-Alpes, France métropolitaine, 69007, France"
45.783885,4.852156,"Musée d'Art Contemporain, Allée Achille Lignon, Cité Internationale, Lyon 6e Arrondissement, Lyon, Métropole de Lyon, Rhône, Auvergne-Rhône-Alpes, France métropolitaine, 69006, France"
45.73182,4.833996,"259, Avenue Jean Jaurès, Le Bon Lait, Gerland, Lyon 7e Arrondissement, Lyon, Métropole de Lyon, Rhône, Auvergne-Rhône-Alpes, France métropolitaine, 69007, France"
45.747091,4.860196,"Université Lyon 3 - Campus Manufacture des Tabacs, Cours Albert Thomas, La Buire, Lyon 3e Arrondissement, Lyon, Métropole de Lyon, Rhône, Auvergne-Rhône-Alpes, France métropolitaine, 69003, France"
45.768395,4.849402,"58, Rue de Sèze, Les Brotteaux, Lyon 6e Arrondissement, Lyon, Métropole de Lyon, Rhône, Auvergne-Rhône-Alpes, France métropolitaine, 69006, France"
45.748545,4.843249,"Sushimasa, Rue de l'Université, Jean-Macé, Lyon 7e Arrondissement, Lyon, Métropole de Lyon, Rhône, Auvergne-Rhône-Alpes, France métropolitaine, 69007, France"
45.764961,4.901018,"Cusset, Rue Pierre Baratin, Cusset, Villeurbanne, Lyon, Métropole de Lyon, Rhône, Auvergne-Rhône-Alpes, France métropolitaine, 69100, France"
45.740675,4.819284,"101, Cours Charlemagne, Confluence, Lyon 2e Arrondissement, Lyon, Métropole de Lyon, Rhône, Auvergne-Rhône-Alpes, France métropolitaine, 69002, France"
45.767165,4.836334,"Pizay, Rue Pizay, Terreaux, Lyon 1er Arrondissement, Lyon, Métropole de Lyon, Rhône, Auvergne-Rhône-Alpes, France métropolitaine, 69001, France"
45.755054,4.807811,"32, Rue du Commandant Charcot, Saint-Irénée, Lyon 5e Arrondissement, Lyon, Métropole de Lyon, Rhône, Auvergne-Rhône-Alpes, France métropolitaine, 69005, France"
45.738617,4.852412,"2, Rue Pierre Delore, Le Grand Trou, Lyon 8e Arrondissement, Lyon, Métropole de Lyon, Rhône, Auvergne-Rhône-Alpes, France métropolitaine, 69008, France"
45.747735,4.85162,"Garibaldi / Domer, Rue Garibaldi, La Guillotière, Lyon 7e Arrondissement, Lyon, Métropole de Lyon, Rhône, Auvergne-Rhône-Alpes, France métropolitaine, 69007, France"
45.758149,4.830428,"Bellecour / St Exupéry, Place Bellecour, Bellecour, Lyon 2e Arrondissement, Lyon, Métropole de Lyon, Rhône, Auvergne-Rhône-Alpes, France métropolitaine, 69002, France"
45.762768,4.852563,"7, Boulevard Eugène Deruelle, Part-Dieu, Lyon 3e Arrondissement, Lyon, Métropole de Lyon, Rhône, Auvergne-Rhône-Alpes, France métropolitaine, 69003, France"
45.779786,4.804666,"Rue du 24 Mars 1852, L’Industrie, Vaise, Lyon 9e Arrondissement, Lyon, Métropole de Lyon, Rhône, Auvergne-Rhône-Alpes, France métropolitaine, 69009, France"
45.745296,4.871604,"Place Ambroise Courtois, Cours Albert Thomas, Monplaisir, Lyon 8e Arrondissement, Lyon, Métropole de Lyon, Rhône, Auvergne-Rhône-Alpes, France métropolitaine, 69008, France"
45.774204,4.867512,"Piaton / Condorcet, Avenue Piaton, Charpennes, Villeurbanne, Lyon, Métropole de Lyon, Rhône, Auvergne-Rhône-Alpes, France métropolitaine, 69100, France"
45.767484,4.805626,"Esplanade Lina Crétet, Gorge de Loup, Lyon 9e Arrondissement, Lyon, Métropole de Lyon, Rhône, Auvergne-Rhône-Alpes, France métropolitaine, 69009, France"
45.757319,4.815064,"63, Rue de Trion, Saint-Just, Lyon 5e Arrondissement, Lyon, Métropole de Lyon, Rhône, Auvergne-Rhône-Alpes, France métropolitaine, 69005, France"
45.756596,4.848442,"235, Rue de Créqui, Voltaire, Lyon 3e Arrondissement, Lyon, Métropole de Lyon, Rhône, Auvergne-Rhône-Alpes, France métropolitaine, 69003, France"
